acronym,id,name,structure_id_path,parent_structure_id
VI,653,Abducens nucleus,/997/8/343/1065/354/370/653/,370
ACVII,576,Accessory facial motor nucleus,/997/8/343/1065/354/370/576/,370
AOB,151,Accessory olfactory bulb,/997/8/567/688/695/698/151/,698
AOBgl,188,"Accessory olfactory bulb, glomerular layer",/997/8/567/688/695/698/151/188/,151
AOBgr,196,"Accessory olfactory bulb, granular layer",/997/8/567/688/695/698/151/196/,151
AOBmi,204,"Accessory olfactory bulb, mitral layer",/997/8/567/688/695/698/151/204/,151
ASO,332,Accessory supraoptic group,/997/8/343/1129/1097/157/332/,157
Acs5,549009219,Accessory trigeminal nucleus,/997/8/343/1065/771/987/549009219/,987
AI,95,Agranular insular area,/997/8/567/688/695/315/95/,315
AId,104,"Agranular insular area, dorsal part",/997/8/567/688/695/315/95/104/,95
AId1,996,"Agranular insular area, dorsal part, layer 1",/997/8/567/688/695/315/95/104/996/,104
AId2/3,328,"Agranular insular area, dorsal part, layer 2/3",/997/8/567/688/695/315/95/104/328/,104
AId5,1101,"Agranular insular area, dorsal part, layer 5",/997/8/567/688/695/315/95/104/1101/,104
AId6a,783,"Agranular insular area, dorsal part, layer 6a",/997/8/567/688/695/315/95/104/783/,104
AId6b,831,"Agranular insular area, dorsal part, layer 6b",/997/8/567/688/695/315/95/104/831/,104
AIp,111,"Agranular insular area, posterior part",/997/8/567/688/695/315/95/111/,95
AIp1,120,"Agranular insular area, posterior part, layer 1",/997/8/567/688/695/315/95/111/120/,111
AIp2/3,163,"Agranular insular area, posterior part, layer 2/3",/997/8/567/688/695/315/95/111/163/,111
AIp5,344,"Agranular insular area, posterior part, layer 5",/997/8/567/688/695/315/95/111/344/,111
AIp6a,314,"Agranular insular area, posterior part, layer 6a",/997/8/567/688/695/315/95/111/314/,111
AIp6b,355,"Agranular insular area, posterior part, layer 6b",/997/8/567/688/695/315/95/111/355/,111
AIv,119,"Agranular insular area, ventral part",/997/8/567/688/695/315/95/119/,95
AIv1,704,"Agranular insular area, ventral part, layer 1",/997/8/567/688/695/315/95/119/704/,119
AIv2/3,694,"Agranular insular area, ventral part, layer 2/3",/997/8/567/688/695/315/95/119/694/,119
AIv5,800,"Agranular insular area, ventral part, layer 5",/997/8/567/688/695/315/95/119/800/,119
AIv6a,675,"Agranular insular area, ventral part, layer 6a",/997/8/567/688/695/315/95/119/675/,119
AIv6b,699,"Agranular insular area, ventral part, layer 6b",/997/8/567/688/695/315/95/119/699/,119
CA,375,Ammon's horn,/997/8/567/688/695/1089/1080/375/,1080
AN,1017,Ansiform lobule,/997/8/512/528/1073/1017/,1073
AAA,23,Anterior amygdalar area,/997/8/567/623/477/278/23/,278
VISa,312782546,Anterior area,/997/8/567/688/695/315/22/312782546/,22
VISa1,312782550,"Anterior area, layer 1",/997/8/567/688/695/315/22/312782546/312782550/,312782546
VISa2/3,312782554,"Anterior area, layer 2/3",/997/8/567/688/695/315/22/312782546/312782554/,312782546
VISa4,312782558,"Anterior area, layer 4",/997/8/567/688/695/315/22/312782546/312782558/,312782546
VISa5,312782562,"Anterior area, layer 5",/997/8/567/688/695/315/22/312782546/312782562/,312782546
VISa6a,312782566,"Anterior area, layer 6a",/997/8/567/688/695/315/22/312782546/312782566/,312782546
VISa6b,312782570,"Anterior area, layer 6b",/997/8/567/688/695/315/22/312782546/312782570/,312782546
ACA,31,Anterior cingulate area,/997/8/567/688/695/315/31/,315
ACAd,39,"Anterior cingulate area, dorsal part",/997/8/567/688/695/315/31/39/,31
ACAd1,935,"Anterior cingulate area, dorsal part, layer 1",/997/8/567/688/695/315/31/39/935/,39
ACAd2/3,211,"Anterior cingulate area, dorsal part, layer 2/3",/997/8/567/688/695/315/31/39/211/,39
ACAd5,1015,"Anterior cingulate area, dorsal part, layer 5",/997/8/567/688/695/315/31/39/1015/,39
ACAd6a,919,"Anterior cingulate area, dorsal part, layer 6a",/997/8/567/688/695/315/31/39/919/,39
ACAd6b,927,"Anterior cingulate area, dorsal part, layer 6b",/997/8/567/688/695/315/31/39/927/,39
ACAv,48,"Anterior cingulate area, ventral part",/997/8/567/688/695/315/31/48/,31
ACAv6a,810,"Anterior cingulate area, ventral part, 6a",/997/8/567/688/695/315/31/48/810/,48
ACAv6b,819,"Anterior cingulate area, ventral part, 6b",/997/8/567/688/695/315/31/48/819/,48
ACAv1,588,"Anterior cingulate area, ventral part, layer 1",/997/8/567/688/695/315/31/48/588/,48
ACAv2/3,296,"Anterior cingulate area, ventral part, layer 2/3",/997/8/567/688/695/315/31/48/296/,48
ACAv5,772,"Anterior cingulate area, ventral part, layer 5",/997/8/567/688/695/315/31/48/772/,48
ATN,239,Anterior group of the dorsal thalamus,/997/8/343/1129/549/856/239/,856
AHN,88,Anterior hypothalamic nucleus,/997/8/343/1129/1097/467/88/,467
AON,159,Anterior olfactory nucleus,/997/8/567/688/695/698/159/,698
APN,215,Anterior pretectal nucleus,/997/8/343/313/323/1100/215/,1100
AT,231,Anterior tegmental nucleus,/997/8/343/313/323/231/,323
AD,64,Anterodorsal nucleus,/997/8/343/1129/549/856/239/64/,239
ADP,72,Anterodorsal preoptic nucleus,/997/8/343/1129/1097/141/72/,141
VISal,402,Anterolateral visual area,/997/8/567/688/695/315/669/402/,669
VISal1,1074,"Anterolateral visual area, layer 1",/997/8/567/688/695/315/669/402/1074/,402
VISal2/3,905,"Anterolateral visual area, layer 2/3",/997/8/567/688/695/315/669/402/905/,402
VISal4,1114,"Anterolateral visual area, layer 4",/997/8/567/688/695/315/669/402/1114/,402
VISal5,233,"Anterolateral visual area, layer 5",/997/8/567/688/695/315/669/402/233/,402
VISal6a,601,"Anterolateral visual area, layer 6a",/997/8/567/688/695/315/669/402/601/,402
VISal6b,649,"Anterolateral visual area, layer 6b",/997/8/567/688/695/315/669/402/649/,402
AM,127,Anteromedial nucleus,/997/8/343/1129/549/856/239/127/,239
AMd,1096,"Anteromedial nucleus, dorsal part",/997/8/343/1129/549/856/239/127/1096/,127
AMv,1104,"Anteromedial nucleus, ventral part",/997/8/343/1129/549/856/239/127/1104/,127
VISam,394,Anteromedial visual area,/997/8/567/688/695/315/669/394/,669
VISam1,281,"Anteromedial visual area, layer 1",/997/8/567/688/695/315/669/394/281/,394
VISam2/3,1066,"Anteromedial visual area, layer 2/3",/997/8/567/688/695/315/669/394/1066/,394
VISam4,401,"Anteromedial visual area, layer 4",/997/8/567/688/695/315/669/394/401/,394
VISam5,433,"Anteromedial visual area, layer 5",/997/8/567/688/695/315/669/394/433/,394
VISam6a,1046,"Anteromedial visual area, layer 6a",/997/8/567/688/695/315/669/394/1046/,394
VISam6b,441,"Anteromedial visual area, layer 6b",/997/8/567/688/695/315/669/394/441/,394
AV,255,Anteroventral nucleus of thalamus,/997/8/343/1129/549/856/239/255/,239
AVPV,272,Anteroventral periventricular nucleus,/997/8/343/1129/1097/141/272/,141
AVP,263,Anteroventral preoptic nucleus,/997/8/343/1129/1097/141/263/,141
ARH,223,Arcuate hypothalamic nucleus,/997/8/343/1129/1097/157/223/,157
AP,207,Area postrema,/997/8/343/1065/354/386/207/,386
APr,484682508,Area prostriata,/997/8/567/688/695/1089/822/484682508/,822
AUD,247,Auditory areas,/997/8/567/688/695/315/247/,315
B,280,Barrington's nucleus,/997/8/343/1065/771/987/280/,987
grey,8,Basic cell groups and regions,/997/8/,997
BLA,295,Basolateral amygdalar nucleus,/997/8/567/688/703/295/,703
BLAa,303,"Basolateral amygdalar nucleus, anterior part",/997/8/567/688/703/295/303/,295
BLAp,311,"Basolateral amygdalar nucleus, posterior part",/997/8/567/688/703/295/311/,295
BLAv,451,"Basolateral amygdalar nucleus, ventral part",/997/8/567/688/703/295/451/,295
BMA,319,Basomedial amygdalar nucleus,/997/8/567/688/703/319/,703
BMAa,327,"Basomedial amygdalar nucleus, anterior part",/997/8/567/688/703/319/327/,319
BMAp,334,"Basomedial amygdalar nucleus, posterior part",/997/8/567/688/703/319/334/,319
BST,351,Bed nuclei of the stria terminalis,/997/8/567/623/803/809/351/,809
BA,292,Bed nucleus of the accessory olfactory tract,/997/8/567/623/477/278/292/,278
BAC,287,Bed nucleus of the anterior commissure,/997/8/567/623/803/809/287/,809
BS,343,Brain stem,/997/8/343/,8
CP,672,Caudoputamen,/997/8/567/623/477/485/672/,485
CEA,536,Central amygdalar nucleus,/997/8/567/623/477/278/536/,278
CEAc,544,"Central amygdalar nucleus, capsular part",/997/8/567/623/477/278/536/544/,536
CEAl,551,"Central amygdalar nucleus, lateral part",/997/8/567/623/477/278/536/551/,536
CEAm,559,"Central amygdalar nucleus, medial part",/997/8/567/623/477/278/536/559/,536
CL,575,Central lateral nucleus of the thalamus,/997/8/343/1129/549/856/51/575/,51
CLI,591,Central linear nucleus raphe,/997/8/343/313/348/165/591/,165
CENT,920,Central lobule,/997/8/512/528/645/920/,645
CM,599,Central medial nucleus of the thalamus,/997/8/343/1129/549/856/51/599/,51
CBX,528,Cerebellar cortex,/997/8/512/528/,512
CBN,519,Cerebellar nuclei,/997/8/512/519/,512
CB,512,Cerebellum,/997/8/512/,8
CTX,688,Cerebral cortex,/997/8/567/688/,567
CNU,623,Cerebral nuclei,/997/8/567/623/,567
CH,567,Cerebrum,/997/8/567/,8
CLA,583,Claustrum,/997/8/567/688/703/583/,703
CN,607,Cochlear nuclei,/997/8/343/1065/354/386/607/,386
COPY,1033,Copula pyramidis,/997/8/512/528/1073/1033/,1073
COA,631,Cortical amygdalar area,/997/8/567/688/695/698/631/,698
COAa,639,"Cortical amygdalar area, anterior part",/997/8/567/688/695/698/631/639/,631
COAp,647,"Cortical amygdalar area, posterior part",/997/8/567/688/695/698/631/647/,631
COApl,655,"Cortical amygdalar area, posterior part, lateral zone",/997/8/567/688/695/698/631/647/655/,647
COApm,663,"Cortical amygdalar area, posterior part, medial zone",/997/8/567/688/695/698/631/647/663/,647
CTXpl,695,Cortical plate,/997/8/567/688/695/,688
CTXsp,703,Cortical subplate,/997/8/567/688/703/,688
ANcr1,1056,Crus 1,/997/8/512/528/1073/1017/1056/,1017
ANcr2,1064,Crus 2,/997/8/512/528/1073/1017/1064/,1017
CUL,928,Culmen,/997/8/512/528/645/928/,645
CU,711,Cuneate nucleus,/997/8/343/1065/354/386/720/711/,720
CUN,616,Cuneiform nucleus,/997/8/343/313/323/616/,323
DEC,936,Declive (VI),/997/8/512/528/645/936/,645
DG,726,Dentate gyrus,/997/8/567/688/695/1089/1080/726/,1080
DG-sg,632,"Dentate gyrus, granule cell layer",/997/8/567/688/695/1089/1080/726/632/,726
DG-mo,10703,"Dentate gyrus, molecular layer",/997/8/567/688/695/1089/1080/726/10703/,726
DG-po,10704,"Dentate gyrus, polymorph layer",/997/8/567/688/695/1089/1080/726/10704/,726
DN,846,Dentate nucleus,/997/8/512/519/846/,519
NDB,596,Diagonal band nucleus,/997/8/567/623/803/826/904/596/,904
AUDd,1011,Dorsal auditory area,/997/8/567/688/695/315/247/1011/,247
AUDd1,527,"Dorsal auditory area, layer 1",/997/8/567/688/695/315/247/1011/527/,1011
AUDd2/3,600,"Dorsal auditory area, layer 2/3",/997/8/567/688/695/315/247/1011/600/,1011
AUDd4,678,"Dorsal auditory area, layer 4",/997/8/567/688/695/315/247/1011/678/,1011
AUDd5,252,"Dorsal auditory area, layer 5",/997/8/567/688/695/315/247/1011/252/,1011
AUDd6a,156,"Dorsal auditory area, layer 6a",/997/8/567/688/695/315/247/1011/156/,1011
AUDd6b,243,"Dorsal auditory area, layer 6b",/997/8/567/688/695/315/247/1011/243/,1011
DCO,96,Dorsal cochlear nucleus,/997/8/343/1065/354/386/607/96/,607
DCN,720,Dorsal column nuclei,/997/8/343/1065/354/386/720/,386
DMX,839,Dorsal motor nucleus of the vagus nerve,/997/8/343/1065/354/370/839/,370
DR,872,Dorsal nucleus raphe,/997/8/343/313/348/165/872/,165
LGd,170,Dorsal part of the lateral geniculate complex,/997/8/343/1129/549/864/1008/170/,1008
LGd-co,496345668,"Dorsal part of the lateral geniculate complex, core",/997/8/343/1129/549/864/1008/170/496345668/,170
LGd-ip,496345672,"Dorsal part of the lateral geniculate complex, ipsilateral zone",/997/8/343/1129/549/864/1008/170/496345672/,170
LGd-sh,496345664,"Dorsal part of the lateral geniculate complex, shell",/997/8/343/1129/549/864/1008/170/496345664/,170
DP,814,Dorsal peduncular area,/997/8/567/688/695/698/814/,698
PMd,980,Dorsal premammillary nucleus,/997/8/343/1129/1097/467/980/,467
DTN,880,Dorsal tegmental nucleus,/997/8/343/1065/771/987/880/,987
DT,75,Dorsal terminal nucleus of the accessory optic tract,/997/8/343/313/323/75/,323
DMH,830,Dorsomedial nucleus of the hypothalamus,/997/8/343/1129/1097/141/830/,141
ECT,895,Ectorhinal area,/997/8/567/688/695/315/895/,315
ECT1,836,Ectorhinal area/Layer 1,/997/8/567/688/695/315/895/836/,895
ECT2/3,427,Ectorhinal area/Layer 2/3,/997/8/567/688/695/315/895/427/,895
ECT5,988,Ectorhinal area/Layer 5,/997/8/567/688/695/315/895/988/,895
ECT6a,977,Ectorhinal area/Layer 6a,/997/8/567/688/695/315/895/977/,895
ECT6b,1045,Ectorhinal area/Layer 6b,/997/8/567/688/695/315/895/1045/,895
EW,975,Edinger-Westphal nucleus,/997/8/343/313/323/975/,323
EP,942,Endopiriform nucleus,/997/8/567/688/703/942/,703
EPd,952,"Endopiriform nucleus, dorsal part",/997/8/567/688/703/942/952/,942
EPv,966,"Endopiriform nucleus, ventral part",/997/8/567/688/703/942/966/,942
ENT,909,Entorhinal area,/997/8/567/688/695/1089/822/909/,822
ENTl,918,"Entorhinal area, lateral part",/997/8/567/688/695/1089/822/909/918/,909
ENTl1,1121,"Entorhinal area, lateral part, layer 1",/997/8/567/688/695/1089/822/909/918/1121/,918
ENTl2,20,"Entorhinal area, lateral part, layer 2",/997/8/567/688/695/1089/822/909/918/20/,918
ENTl3,52,"Entorhinal area, lateral part, layer 3",/997/8/567/688/695/1089/822/909/918/52/,918
ENTl5,139,"Entorhinal area, lateral part, layer 5",/997/8/567/688/695/1089/822/909/918/139/,918
ENTl6a,28,"Entorhinal area, lateral part, layer 6a",/997/8/567/688/695/1089/822/909/918/28/,918
ENTm,926,"Entorhinal area, medial part, dorsal zone",/997/8/567/688/695/1089/822/909/926/,909
ENTm1,526,"Entorhinal area, medial part, dorsal zone, layer 1",/997/8/567/688/695/1089/822/909/926/526/,926
ENTm2,543,"Entorhinal area, medial part, dorsal zone, layer 2",/997/8/567/688/695/1089/822/909/926/543/,926
ENTm3,664,"Entorhinal area, medial part, dorsal zone, layer 3",/997/8/567/688/695/1089/822/909/926/664/,926
ENTm5,727,"Entorhinal area, medial part, dorsal zone, layer 5",/997/8/567/688/695/1089/822/909/926/727/,926
ENTm6,743,"Entorhinal area, medial part, dorsal zone, layer 6",/997/8/567/688/695/1089/822/909/926/743/,926
EPI,958,Epithalamus,/997/8/343/1129/549/856/958/,856
Eth,560581551,Ethmoid nucleus of the thalamus,/997/8/343/1129/549/856/138/560581551/,138
ECU,903,External cuneate nucleus,/997/8/343/1065/354/386/903/,386
VII,661,Facial motor nucleus,/997/8/343/1065/354/370/661/,370
FC,982,Fasciola cinerea,/997/8/567/688/695/1089/1080/982/,1080
FN,989,Fastigial nucleus,/997/8/512/519/989/,519
CA1,382,Field CA1,/997/8/567/688/695/1089/1080/375/382/,375
CA2,423,Field CA2,/997/8/567/688/695/1089/1080/375/423/,375
CA3,463,Field CA3,/997/8/567/688/695/1089/1080/375/463/,375
FF,804,Fields of Forel,/997/8/343/1129/1097/290/797/804/,797
FL,1049,Flocculus,/997/8/512/528/1073/1049/,1073
FOTU,944,Folium-tuber vermis (VII),/997/8/512/528/645/944/,645
FRP,184,"Frontal pole, cerebral cortex",/997/8/567/688/695/315/184/,315
FRP1,68,"Frontal pole, layer 1",/997/8/567/688/695/315/184/68/,184
FRP2/3,667,"Frontal pole, layer 2/3",/997/8/567/688/695/315/184/667/,184
FRP5,526157192,"Frontal pole, layer 5",/997/8/567/688/695/315/184/526157192/,184
FRP6a,526157196,"Frontal pole, layer 6a",/997/8/567/688/695/315/184/526157196/,184
FRP6b,526322264,"Frontal pole, layer 6b",/997/8/567/688/695/315/184/526322264/,184
FS,998,Fundus of striatum,/997/8/567/623/477/493/998/,493
GENd,1008,"Geniculate group, dorsal thalamus",/997/8/343/1129/549/864/1008/,864
GENv,1014,"Geniculate group, ventral thalamus",/997/8/343/1129/549/856/1014/,856
GRN,1048,Gigantocellular reticular nucleus,/997/8/343/1065/354/370/1048/,370
GPe,1022,"Globus pallidus, external segment",/997/8/567/623/803/818/1022/,818
GPi,1031,"Globus pallidus, internal segment",/997/8/567/623/803/818/1031/,818
GR,1039,Gracile nucleus,/997/8/343/1065/354/386/720/1039/,720
GU,1057,Gustatory areas,/997/8/567/688/695/315/1057/,315
GU1,36,"Gustatory areas, layer 1",/997/8/567/688/695/315/1057/36/,1057
GU2/3,180,"Gustatory areas, layer 2/3",/997/8/567/688/695/315/1057/180/,1057
GU4,148,"Gustatory areas, layer 4",/997/8/567/688/695/315/1057/148/,1057
GU5,187,"Gustatory areas, layer 5",/997/8/567/688/695/315/1057/187/,1057
GU6a,638,"Gustatory areas, layer 6a",/997/8/567/688/695/315/1057/638/,1057
GU6b,662,"Gustatory areas, layer 6b",/997/8/567/688/695/315/1057/662/,1057
HEM,1073,Hemispheric regions,/997/8/512/528/1073/,528
HB,1065,Hindbrain,/997/8/343/1065/,343
HPF,1089,Hippocampal formation,/997/8/567/688/695/1089/,695
HIP,1080,Hippocampal region,/997/8/567/688/695/1089/1080/,1089
HATA,589508447,Hippocampo-amygdalar transition area,/997/8/567/688/695/1089/822/589508447/,822
XII,773,Hypoglossal nucleus,/997/8/343/1065/354/370/773/,370
LZ,290,Hypothalamic lateral zone,/997/8/343/1129/1097/290/,1097
MEZ,467,Hypothalamic medial zone,/997/8/343/1129/1097/467/,1097
HY,1097,Hypothalamus,/997/8/343/1129/1097/,1129
IG,19,Induseum griseum,/997/8/567/688/695/1089/1080/19/,1080
IC,4,Inferior colliculus,/997/8/343/313/339/4/,339
ICc,811,"Inferior colliculus, central nucleus",/997/8/343/313/339/4/811/,4
ICd,820,"Inferior colliculus, dorsal nucleus",/997/8/343/313/339/4/820/,4
ICe,828,"Inferior colliculus, external nucleus",/997/8/343/313/339/4/828/,4
IO,83,Inferior olivary complex,/997/8/343/1065/354/370/83/,370
ISN,106,Inferior salivatory nucleus,/997/8/343/1065/354/370/106/,370
ICB,372,Infracerebellar nucleus,/997/8/343/1065/354/370/372/,370
ILA,44,Infralimbic area,/997/8/567/688/695/315/44/,315
ILA1,707,"Infralimbic area, layer 1",/997/8/567/688/695/315/44/707/,44
ILA2/3,556,"Infralimbic area, layer 2/3",/997/8/567/688/695/315/44/556/,44
ILA5,827,"Infralimbic area, layer 5",/997/8/567/688/695/315/44/827/,44
ILA6a,1054,"Infralimbic area, layer 6a",/997/8/567/688/695/315/44/1054/,44
ILA6b,1081,"Infralimbic area, layer 6b",/997/8/567/688/695/315/44/1081/,44
IAD,1113,Interanterodorsal nucleus of the thalamus,/997/8/343/1129/549/856/239/1113/,239
IAM,1120,Interanteromedial nucleus of the thalamus,/997/8/343/1129/549/856/239/1120/,239
IB,1129,Interbrain,/997/8/343/1129/,343
IA,1105,Intercalated amygdalar nucleus,/997/8/567/623/477/278/1105/,278
IF,12,Interfascicular nucleus raphe,/997/8/343/313/348/165/12/,165
IGL,27,Intergeniculate leaflet of the lateral geniculate complex,/997/8/343/1129/549/856/1014/27/,1014
IntG,563807439,Intermediate geniculate nucleus,/997/8/343/1129/549/856/1014/563807439/,1014
IRN,136,Intermediate reticular nucleus,/997/8/343/1065/354/370/136/,370
IMD,59,Intermediodorsal nucleus of the thalamus,/997/8/343/1129/549/856/444/59/,444
IPN,100,Interpeduncular nucleus,/997/8/343/313/348/165/100/,165
IPA,607344842,"Interpeduncular nucleus, apical",/997/8/343/313/348/165/100/607344842/,100
IPC,607344838,"Interpeduncular nucleus, caudal",/997/8/343/313/348/165/100/607344838/,100
IPDL,607344858,"Interpeduncular nucleus, dorsolateral",/997/8/343/313/348/165/100/607344858/,100
IPDM,607344854,"Interpeduncular nucleus, dorsomedial",/997/8/343/313/348/165/100/607344854/,100
IPI,607344850,"Interpeduncular nucleus, intermediate",/997/8/343/313/348/165/100/607344850/,100
IPL,607344846,"Interpeduncular nucleus, lateral",/997/8/343/313/348/165/100/607344846/,100
IPR,607344834,"Interpeduncular nucleus, rostral",/997/8/343/313/348/165/100/607344834/,100
IPRL,607344862,"Interpeduncular nucleus, rostrolateral",/997/8/343/313/348/165/100/607344862/,100
IP,91,Interposed nucleus,/997/8/512/519/91/,519
INC,67,Interstitial nucleus of Cajal,/997/8/343/313/323/795/67/,795
I5,549009227,Intertrigeminal nucleus,/997/8/343/1065/771/987/549009227/,987
ILM,51,Intralaminar nuclei of the dorsal thalamus,/997/8/343/1129/549/856/51/,856
Isocortex,315,Isocortex,/997/8/567/688/695/315/,695
KF,123,Koelliker-Fuse subnucleus,/997/8/343/1065/771/1132/867/123/,867
LA,131,Lateral amygdalar nucleus,/997/8/567/688/703/131/,703
LD,155,Lateral dorsal nucleus of thalamus,/997/8/343/1129/549/856/239/155/,239
LAT,138,Lateral group of the dorsal thalamus,/997/8/343/1129/549/856/138/,856
LH,186,Lateral habenula,/997/8/343/1129/549/856/958/186/,958
LHA,194,Lateral hypothalamic area,/997/8/343/1129/1097/290/194/,290
LM,210,Lateral mammillary nucleus,/997/8/343/1129/1097/467/331/210/,331
LP,218,Lateral posterior nucleus of the thalamus,/997/8/343/1129/549/856/138/218/,138
LPO,226,Lateral preoptic area,/997/8/343/1129/1097/290/226/,290
LRN,235,Lateral reticular nucleus,/997/8/343/1065/354/370/235/,370
LRNm,955,"Lateral reticular nucleus, magnocellular part",/997/8/343/1065/354/370/235/955/,235
LRNp,963,"Lateral reticular nucleus, parvicellular part",/997/8/343/1065/354/370/235/963/,235
LSX,275,Lateral septal complex,/997/8/567/623/477/275/,477
LS,242,Lateral septal nucleus,/997/8/567/623/477/275/242/,275
LSc,250,"Lateral septal nucleus, caudal (caudodorsal) part",/997/8/567/623/477/275/242/250/,242
LSr,258,"Lateral septal nucleus, rostral (rostroventral) part",/997/8/567/623/477/275/242/258/,242
LSv,266,"Lateral septal nucleus, ventral part",/997/8/567/623/477/275/242/266/,242
LT,66,Lateral terminal nucleus of the accessory optic tract,/997/8/343/313/323/66/,323
LAV,209,Lateral vestibular nucleus,/997/8/343/1065/354/370/701/209/,701
VISl,409,Lateral visual area,/997/8/567/688/695/315/669/409/,669
VISl1,421,"Lateral visual area, layer 1",/997/8/567/688/695/315/669/409/421/,409
VISl2/3,973,"Lateral visual area, layer 2/3",/997/8/567/688/695/315/669/409/973/,409
VISl4,573,"Lateral visual area, layer 4",/997/8/567/688/695/315/669/409/573/,409
VISl5,613,"Lateral visual area, layer 5",/997/8/567/688/695/315/669/409/613/,409
VISl6a,74,"Lateral visual area, layer 6a",/997/8/567/688/695/315/669/409/74/,409
VISl6b,121,"Lateral visual area, layer 6b",/997/8/567/688/695/315/669/409/121/,409
LDT,162,Laterodorsal tegmental nucleus,/997/8/343/1065/771/1117/162/,1117
VISli,312782574,Laterointermediate area,/997/8/567/688/695/315/669/312782574/,669
VISli1,312782578,"Laterointermediate area, layer 1",/997/8/567/688/695/315/669/312782574/312782578/,312782574
VISli2/3,312782582,"Laterointermediate area, layer 2/3",/997/8/567/688/695/315/669/312782574/312782582/,312782574
VISli4,312782586,"Laterointermediate area, layer 4",/997/8/567/688/695/315/669/312782574/312782586/,312782574
VISli5,312782590,"Laterointermediate area, layer 5",/997/8/567/688/695/315/669/312782574/312782590/,312782574
VISli6a,312782594,"Laterointermediate area, layer 6a",/997/8/567/688/695/315/669/312782574/312782594/,312782574
VISli6b,312782598,"Laterointermediate area, layer 6b",/997/8/567/688/695/315/669/312782574/312782598/,312782574
LIN,203,Linear nucleus of the medulla,/997/8/343/1065/354/370/203/,370
LING,912,Lingula (I),/997/8/512/528/645/912/,645
CENT2,976,Lobule II,/997/8/512/528/645/920/976/,920
CENT3,984,Lobule III,/997/8/512/528/645/920/984/,920
"CUL4, 5",1091,Lobules IV-V,/997/8/512/528/645/928/1091/,928
LC,147,Locus ceruleus,/997/8/343/1065/771/1117/147/,1117
MA,298,Magnocellular nucleus,/997/8/567/623/803/835/298/,835
MARN,307,Magnocellular reticular nucleus,/997/8/343/1065/354/370/307/,370
MOB,507,Main olfactory bulb,/997/8/567/688/695/698/507/,698
MBO,331,Mammillary body,/997/8/343/1129/1097/467/331/,467
MA3,549009211,Medial accesory oculomotor nucleus,/997/8/343/313/323/549009211/,323
MEA,403,Medial amygdalar nucleus,/997/8/567/623/477/278/403/,278
MG,475,Medial geniculate complex,/997/8/343/1129/549/864/1008/475/,1008
MGd,1072,"Medial geniculate complex, dorsal part",/997/8/343/1129/549/864/1008/475/1072/,475
MGm,1088,"Medial geniculate complex, medial part",/997/8/343/1129/549/864/1008/475/1088/,475
MGv,1079,"Medial geniculate complex, ventral part",/997/8/343/1129/549/864/1008/475/1079/,475
MED,444,Medial group of the dorsal thalamus,/997/8/343/1129/549/856/444/,856
MH,483,Medial habenula,/997/8/343/1129/549/856/958/483/,958
MM,491,Medial mammillary nucleus,/997/8/343/1129/1097/467/331/491/,331
MMd,606826659,"Medial mammillary nucleus, dorsal part",/997/8/343/1129/1097/467/331/491/606826659/,491
MMl,606826647,"Medial mammillary nucleus, lateral part",/997/8/343/1129/1097/467/331/491/606826647/,491
MMm,606826651,"Medial mammillary nucleus, medial part",/997/8/343/1129/1097/467/331/491/606826651/,491
MMme,732,"Medial mammillary nucleus, median part",/997/8/343/1129/1097/467/331/491/732/,491
MMp,606826655,"Medial mammillary nucleus, posterior part",/997/8/343/1129/1097/467/331/491/606826655/,491
MPO,523,Medial preoptic area,/997/8/343/1129/1097/141/523/,141
MPN,515,Medial preoptic nucleus,/997/8/343/1129/1097/467/515/,467
MPT,531,Medial pretectal area,/997/8/343/313/323/1100/531/,1100
MSC,904,Medial septal complex,/997/8/567/623/803/826/904/,826
MS,564,Medial septal nucleus,/997/8/567/623/803/826/904/564/,904
MT,58,Medial terminal nucleus of the accessory optic tract,/997/8/343/313/323/58/,323
MV,202,Medial vestibular nucleus,/997/8/343/1065/354/370/701/202/,701
ME,10671,Median eminence,/997/8/343/1129/1097/10671/,1097
MEPO,452,Median preoptic nucleus,/997/8/343/1129/1097/141/452/,141
MD,362,Mediodorsal nucleus of thalamus,/997/8/343/1129/549/856/444/362/,444
MY,354,Medulla,/997/8/343/1065/354/,1065
MY-sat,379,"Medulla, behavioral state related",/997/8/343/1065/354/379/,354
MY-mot,370,"Medulla, motor related",/997/8/343/1065/354/370/,354
MY-sen,386,"Medulla, sensory related",/997/8/343/1065/354/386/,354
MDRN,395,Medullary reticular nucleus,/997/8/343/1065/354/370/395/,370
MDRNd,1098,"Medullary reticular nucleus, dorsal part",/997/8/343/1065/354/370/395/1098/,395
MDRNv,1107,"Medullary reticular nucleus, ventral part",/997/8/343/1065/354/370/395/1107/,395
MB,313,Midbrain,/997/8/343/313/,343
RAmb,165,Midbrain raphe nuclei,/997/8/343/313/348/165/,348
MRN,128,Midbrain reticular nucleus,/997/8/343/313/323/128/,323
RR,246,"Midbrain reticular nucleus, retrorubral area",/997/8/343/313/323/246/,323
MEV,460,Midbrain trigeminal nucleus,/997/8/343/313/339/460/,339
MBsta,348,"Midbrain, behavioral state related",/997/8/343/313/348/,313
MBmot,323,"Midbrain, motor related",/997/8/343/313/323/,313
MBsen,339,"Midbrain, sensory related",/997/8/343/313/339/,313
MTN,571,Midline group of the dorsal thalamus,/997/8/343/1129/549/856/571/,856
V,621,Motor nucleus of trigeminal,/997/8/343/1065/771/987/621/,987
NOD,968,Nodulus (X),/997/8/512/528/645/968/,645
ACB,56,Nucleus accumbens,/997/8/567/623/477/493/56/,493
AMB,135,Nucleus ambiguus,/997/8/343/1065/354/370/135/,370
AMBd,939,"Nucleus ambiguus, dorsal division",/997/8/343/1065/354/370/135/939/,135
AMBv,143,"Nucleus ambiguus, ventral division",/997/8/343/1065/354/370/135/143/,135
NI,604,Nucleus incertus,/997/8/343/1065/771/1117/604/,1117
ND,587,Nucleus of Darkschewitsch,/997/8/343/313/323/795/587/,795
NR,177,Nucleus of Roller,/997/8/343/1065/354/370/154/177/,154
RE,181,Nucleus of reuniens,/997/8/343/1129/549/856/571/181/,571
NB,580,Nucleus of the brachium of the inferior colliculus,/997/8/343/313/339/580/,339
NLL,612,Nucleus of the lateral lemniscus,/997/8/343/1065/771/1132/612/,1132
NLOT,619,Nucleus of the lateral olfactory tract,/997/8/567/688/695/698/619/,698
NLOT3,1139,"Nucleus of the lateral olfactory tract, layer 3",/997/8/567/688/695/698/619/1139/,619
NLOT1,260,"Nucleus of the lateral olfactory tract, molecular layer",/997/8/567/688/695/698/619/260/,619
NLOT2,268,"Nucleus of the lateral olfactory tract, pyramidal layer",/997/8/567/688/695/698/619/268/,619
NOT,628,Nucleus of the optic tract,/997/8/343/313/323/1100/628/,1100
NPC,634,Nucleus of the posterior commissure,/997/8/343/313/323/1100/634/,1100
NTS,651,Nucleus of the solitary tract,/997/8/343/1065/354/386/651/,386
NTB,642,Nucleus of the trapezoid body,/997/8/343/1065/354/386/642/,386
PRP,169,Nucleus prepositus,/997/8/343/1065/354/370/154/169/,154
RM,206,Nucleus raphe magnus,/997/8/343/1065/354/379/206/,379
RO,222,Nucleus raphe obscurus,/997/8/343/1065/354/379/222/,379
RPA,230,Nucleus raphe pallidus,/997/8/343/1065/354/379/230/,379
RPO,238,Nucleus raphe pontis,/997/8/343/1065/771/1117/238/,1117
SAG,271,Nucleus sagulum,/997/8/343/313/339/271/,339
x,765,Nucleus x,/997/8/343/1065/354/370/765/,370
y,781,Nucleus y,/997/8/343/1065/354/370/781/,370
III,35,Oculomotor nucleus,/997/8/343/313/323/35/,323
OLF,698,Olfactory areas,/997/8/567/688/695/698/,695
OT,754,Olfactory tubercle,/997/8/567/623/477/493/754/,493
OP,706,Olivary pretectal nucleus,/997/8/343/313/323/1100/706/,1100
ORB,714,Orbital area,/997/8/567/688/695/315/714/,315
ORBl,723,"Orbital area, lateral part",/997/8/567/688/695/315/714/723/,714
ORBl1,448,"Orbital area, lateral part, layer 1",/997/8/567/688/695/315/714/723/448/,723
ORBl2/3,412,"Orbital area, lateral part, layer 2/3",/997/8/567/688/695/315/714/723/412/,723
ORBl5,630,"Orbital area, lateral part, layer 5",/997/8/567/688/695/315/714/723/630/,723
ORBl6a,440,"Orbital area, lateral part, layer 6a",/997/8/567/688/695/315/714/723/440/,723
ORBl6b,488,"Orbital area, lateral part, layer 6b",/997/8/567/688/695/315/714/723/488/,723
ORBm,731,"Orbital area, medial part",/997/8/567/688/695/315/714/731/,714
ORBm1,484,"Orbital area, medial part, layer 1",/997/8/567/688/695/315/714/731/484/,731
ORBm2/3,582,"Orbital area, medial part, layer 2/3",/997/8/567/688/695/315/714/731/582/,731
ORBm5,620,"Orbital area, medial part, layer 5",/997/8/567/688/695/315/714/731/620/,731
ORBm6a,910,"Orbital area, medial part, layer 6a",/997/8/567/688/695/315/714/731/910/,731
ORBm6b,527696977,"Orbital area, medial part, layer 6b",/997/8/567/688/695/315/714/731/527696977/,731
ORBvl,746,"Orbital area, ventrolateral part",/997/8/567/688/695/315/714/746/,714
ORBvl1,969,"Orbital area, ventrolateral part, layer 1",/997/8/567/688/695/315/714/746/969/,746
ORBvl2/3,288,"Orbital area, ventrolateral part, layer 2/3",/997/8/567/688/695/315/714/746/288/,746
ORBvl5,1125,"Orbital area, ventrolateral part, layer 5",/997/8/567/688/695/315/714/746/1125/,746
ORBvl6a,608,"Orbital area, ventrolateral part, layer 6a",/997/8/567/688/695/315/714/746/608/,746
ORBvl6b,680,"Orbital area, ventrolateral part, layer 6b",/997/8/567/688/695/315/714/746/680/,746
PAL,803,Pallidum,/997/8/567/623/803/,623
PALc,809,"Pallidum, caudal region",/997/8/567/623/803/809/,803
PALd,818,"Pallidum, dorsal region",/997/8/567/623/803/818/,803
PALm,826,"Pallidum, medial region",/997/8/567/623/803/826/,803
PALv,835,"Pallidum, ventral region",/997/8/567/623/803/835/,803
PBG,874,Parabigeminal nucleus,/997/8/343/313/339/874/,339
PB,867,Parabrachial nucleus,/997/8/343/1065/771/1132/867/,1132
PCN,907,Paracentral nucleus,/997/8/343/1129/549/856/51/907/,51
PF,930,Parafascicular nucleus,/997/8/343/1129/549/856/51/930/,51
PFL,1041,Paraflocculus,/997/8/512/528/1073/1041/,1073
PGRN,938,Paragigantocellular reticular nucleus,/997/8/343/1065/354/370/938/,370
PGRNd,970,"Paragigantocellular reticular nucleus, dorsal part",/997/8/343/1065/354/370/938/970/,938
PGRNl,978,"Paragigantocellular reticular nucleus, lateral part",/997/8/343/1065/354/370/938/978/,938
PRM,1025,Paramedian lobule,/997/8/512/528/1073/1025/,1073
PN,607344830,Paranigral nucleus,/997/8/343/313/323/607344830/,323
PPY,1069,Parapyramidal nucleus,/997/8/343/1065/354/370/1069/,370
PAS,859,Parasolitary nucleus,/997/8/343/1065/354/370/859/,370
PS,1109,Parastrial nucleus,/997/8/343/1129/1097/141/1109/,141
PAR,843,Parasubiculum,/997/8/567/688/695/1089/822/843/,822
PSTN,364,Parasubthalamic nucleus,/997/8/343/1129/1097/290/364/,290
PT,15,Parataenial nucleus,/997/8/343/1129/549/856/571/15/,571
Pa5,589508451,Paratrigeminal nucleus,/997/8/343/1065/354/386/589508451/,386
Pa4,606826663,Paratrochlear nucleus,/997/8/343/313/323/606826663/,323
PVH,38,Paraventricular hypothalamic nucleus,/997/8/343/1129/1097/157/38/,157
PVHd,63,"Paraventricular hypothalamic nucleus, descending division",/997/8/343/1129/1097/467/63/,467
PVT,149,Paraventricular nucleus of the thalamus,/997/8/343/1129/549/856/571/149/,571
PC5,549009223,Parvicellular motor 5 nucleus,/997/8/343/1065/771/987/549009223/,987
PARN,852,Parvicellular reticular nucleus,/997/8/343/1065/354/370/852/,370
PPN,1052,Pedunculopontine nucleus,/997/8/343/313/348/1052/,348
PAG,795,Periaqueductal gray,/997/8/343/313/323/795/,323
PeF,576073704,Perifornical nucleus,/997/8/343/1129/1097/290/576073704/,290
PHY,154,Perihypoglossal nuclei,/997/8/343/1065/354/370/154/,370
PP,1044,Peripeduncular nucleus,/997/8/343/1129/549/864/1044/,864
PR,1077,Perireunensis nucleus,/997/8/343/1129/549/856/444/1077/,444
PERI,922,Perirhinal area,/997/8/567/688/695/315/922/,315
PERI1,540,"Perirhinal area, layer 1",/997/8/567/688/695/315/922/540/,922
PERI2/3,888,"Perirhinal area, layer 2/3",/997/8/567/688/695/315/922/888/,922
PERI5,692,"Perirhinal area, layer 5",/997/8/567/688/695/315/922/692/,922
PERI6a,335,"Perirhinal area, layer 6a",/997/8/567/688/695/315/922/335/,922
PERI6b,368,"Perirhinal area, layer 6b",/997/8/567/688/695/315/922/368/,922
P5,549009215,Peritrigeminal zone,/997/8/343/1065/771/987/549009215/,987
PVa,30,"Periventricular hypothalamic nucleus, anterior part",/997/8/343/1129/1097/157/30/,157
PVi,118,"Periventricular hypothalamic nucleus, intermediate part",/997/8/343/1129/1097/157/118/,157
PVp,126,"Periventricular hypothalamic nucleus, posterior part",/997/8/343/1129/1097/141/126/,141
PVpo,133,"Periventricular hypothalamic nucleus, preoptic part",/997/8/343/1129/1097/141/133/,141
PVR,141,Periventricular region,/997/8/343/1129/1097/141/,1097
PVZ,157,Periventricular zone,/997/8/343/1129/1097/157/,1097
PIR,961,Piriform area,/997/8/567/688/695/698/961/,698
PAA,788,Piriform-amygdalar area,/997/8/567/688/695/698/788/,698
P,771,Pons,/997/8/343/1065/771/,1065
P-sat,1117,"Pons, behavioral state related",/997/8/343/1065/771/1117/,771
P-mot,987,"Pons, motor related",/997/8/343/1065/771/987/,771
P-sen,1132,"Pons, sensory related",/997/8/343/1065/771/1132/,771
PCG,898,Pontine central gray,/997/8/343/1065/771/987/898/,987
PG,931,Pontine gray,/997/8/343/1065/771/987/931/,987
PRNr,146,Pontine reticular nucleus,/997/8/343/1065/771/1117/146/,1117
PRNc,1093,"Pontine reticular nucleus, caudal part",/997/8/343/1065/771/987/1093/,987
PA,780,Posterior amygdalar nucleus,/997/8/567/688/703/780/,703
AUDpo,1027,Posterior auditory area,/997/8/567/688/695/315/247/1027/,247
AUDpo1,696,"Posterior auditory area, layer 1",/997/8/567/688/695/315/247/1027/696/,1027
AUDpo2/3,643,"Posterior auditory area, layer 2/3",/997/8/567/688/695/315/247/1027/643/,1027
AUDpo4,759,"Posterior auditory area, layer 4",/997/8/567/688/695/315/247/1027/759/,1027
AUDpo5,791,"Posterior auditory area, layer 5",/997/8/567/688/695/315/247/1027/791/,1027
AUDpo6a,249,"Posterior auditory area, layer 6a",/997/8/567/688/695/315/247/1027/249/,1027
AUDpo6b,456,"Posterior auditory area, layer 6b",/997/8/567/688/695/315/247/1027/456/,1027
PO,1020,Posterior complex of the thalamus,/997/8/343/1129/549/856/138/1020/,138
PH,946,Posterior hypothalamic nucleus,/997/8/343/1129/1097/467/946/,467
PIL,560581563,Posterior intralaminar thalamic nucleus,/997/8/343/1129/549/856/51/560581563/,51
POL,1029,Posterior limiting nucleus of the thalamus,/997/8/343/1129/549/856/138/1029/,138
PTLp,22,Posterior parietal association areas,/997/8/567/688/695/315/22/,315
PPT,1061,Posterior pretectal nucleus,/997/8/343/313/323/1100/1061/,1100
PoT,563807435,Posterior triangular thalamic nucleus,/997/8/343/1129/549/864/637/563807435/,637
PD,914,Posterodorsal preoptic nucleus,/997/8/343/1129/1097/141/914/,141
PDTg,599626927,Posterodorsal tegmental nucleus,/997/8/343/1065/771/987/599626927/,987
VISpl,425,Posterolateral visual area,/997/8/567/688/695/315/669/425/,669
VISpl1,750,"Posterolateral visual area, layer 1",/997/8/567/688/695/315/669/425/750/,425
VISpl2/3,269,"Posterolateral visual area, layer 2/3",/997/8/567/688/695/315/669/425/269/,425
VISpl4,869,"Posterolateral visual area, layer 4",/997/8/567/688/695/315/669/425/869/,425
VISpl5,902,"Posterolateral visual area, layer 5",/997/8/567/688/695/315/669/425/902/,425
VISpl6a,377,"Posterolateral visual area, layer 6a",/997/8/567/688/695/315/669/425/377/,425
VISpl6b,393,"Posterolateral visual area, layer 6b",/997/8/567/688/695/315/669/425/393/,425
TR,566,Postpiriform transition area,/997/8/567/688/695/698/566/,698
VISpor,312782628,Postrhinal area,/997/8/567/688/695/315/669/312782628/,669
VISpor1,312782632,"Postrhinal area, layer 1",/997/8/567/688/695/315/669/312782628/312782632/,312782628
VISpor2/3,312782636,"Postrhinal area, layer 2/3",/997/8/567/688/695/315/669/312782628/312782636/,312782628
VISpor4,312782640,"Postrhinal area, layer 4",/997/8/567/688/695/315/669/312782628/312782640/,312782628
VISpor5,312782644,"Postrhinal area, layer 5",/997/8/567/688/695/315/669/312782628/312782644/,312782628
VISpor6a,312782648,"Postrhinal area, layer 6a",/997/8/567/688/695/315/669/312782628/312782648/,312782628
VISpor6b,312782652,"Postrhinal area, layer 6b",/997/8/567/688/695/315/669/312782628/312782652/,312782628
POST,1037,Postsubiculum,/997/8/567/688/695/1089/822/1037/,822
PRC,50,Precommissural nucleus,/997/8/343/313/323/795/50/,795
PL,972,Prelimbic area,/997/8/567/688/695/315/972/,315
PL1,171,"Prelimbic area, layer 1",/997/8/567/688/695/315/972/171/,972
PL2/3,304,"Prelimbic area, layer 2/3",/997/8/567/688/695/315/972/304/,972
PL5,363,"Prelimbic area, layer 5",/997/8/567/688/695/315/972/363/,972
PL6a,84,"Prelimbic area, layer 6a",/997/8/567/688/695/315/972/84/,972
PL6b,132,"Prelimbic area, layer 6b",/997/8/567/688/695/315/972/132/,972
PST,356,Preparasubthalamic nucleus,/997/8/343/1129/1097/290/356/,290
PRE,1084,Presubiculum,/997/8/567/688/695/1089/822/1084/,822
PRT,1100,Pretectal region,/997/8/343/313/323/1100/,323
AUDp,1002,Primary auditory area,/997/8/567/688/695/315/247/1002/,247
AUDp1,735,"Primary auditory area, layer 1",/997/8/567/688/695/315/247/1002/735/,1002
AUDp2/3,251,"Primary auditory area, layer 2/3",/997/8/567/688/695/315/247/1002/251/,1002
AUDp4,816,"Primary auditory area, layer 4",/997/8/567/688/695/315/247/1002/816/,1002
AUDp5,847,"Primary auditory area, layer 5",/997/8/567/688/695/315/247/1002/847/,1002
AUDp6a,954,"Primary auditory area, layer 6a",/997/8/567/688/695/315/247/1002/954/,1002
AUDp6b,1005,"Primary auditory area, layer 6b",/997/8/567/688/695/315/247/1002/1005/,1002
MOp,985,Primary motor area,/997/8/567/688/695/315/500/985/,500
MOp1,320,"Primary motor area, Layer 1",/997/8/567/688/695/315/500/985/320/,985
MOp2/3,943,"Primary motor area, Layer 2/3",/997/8/567/688/695/315/500/985/943/,985
MOp5,648,"Primary motor area, Layer 5",/997/8/567/688/695/315/500/985/648/,985
MOp6a,844,"Primary motor area, Layer 6a",/997/8/567/688/695/315/500/985/844/,985
MOp6b,882,"Primary motor area, Layer 6b",/997/8/567/688/695/315/500/985/882/,985
SSp,322,Primary somatosensory area,/997/8/567/688/695/315/453/322/,453
SSp-bfd,329,"Primary somatosensory area, barrel field",/997/8/567/688/695/315/453/322/329/,322
SSp-bfd1,981,"Primary somatosensory area, barrel field, layer 1",/997/8/567/688/695/315/453/322/329/981/,329
SSp-bfd2/3,201,"Primary somatosensory area, barrel field, layer 2/3",/997/8/567/688/695/315/453/322/329/201/,329
SSp-bfd4,1047,"Primary somatosensory area, barrel field, layer 4",/997/8/567/688/695/315/453/322/329/1047/,329
SSp-bfd5,1070,"Primary somatosensory area, barrel field, layer 5",/997/8/567/688/695/315/453/322/329/1070/,329
SSp-bfd6a,1038,"Primary somatosensory area, barrel field, layer 6a",/997/8/567/688/695/315/453/322/329/1038/,329
SSp-bfd6b,1062,"Primary somatosensory area, barrel field, layer 6b",/997/8/567/688/695/315/453/322/329/1062/,329
SSp-ll,337,"Primary somatosensory area, lower limb",/997/8/567/688/695/315/453/322/337/,322
SSp-ll1,1030,"Primary somatosensory area, lower limb, layer 1",/997/8/567/688/695/315/453/322/337/1030/,337
SSp-ll2/3,113,"Primary somatosensory area, lower limb, layer 2/3",/997/8/567/688/695/315/453/322/337/113/,337
SSp-ll4,1094,"Primary somatosensory area, lower limb, layer 4",/997/8/567/688/695/315/453/322/337/1094/,337
SSp-ll5,1128,"Primary somatosensory area, lower limb, layer 5",/997/8/567/688/695/315/453/322/337/1128/,337
SSp-ll6a,478,"Primary somatosensory area, lower limb, layer 6a",/997/8/567/688/695/315/453/322/337/478/,337
SSp-ll6b,510,"Primary somatosensory area, lower limb, layer 6b",/997/8/567/688/695/315/453/322/337/510/,337
SSp-m,345,"Primary somatosensory area, mouth",/997/8/567/688/695/315/453/322/345/,322
SSp-m1,878,"Primary somatosensory area, mouth, layer 1",/997/8/567/688/695/315/453/322/345/878/,345
SSp-m2/3,657,"Primary somatosensory area, mouth, layer 2/3",/997/8/567/688/695/315/453/322/345/657/,345
SSp-m4,950,"Primary somatosensory area, mouth, layer 4",/997/8/567/688/695/315/453/322/345/950/,345
SSp-m5,974,"Primary somatosensory area, mouth, layer 5",/997/8/567/688/695/315/453/322/345/974/,345
SSp-m6a,1102,"Primary somatosensory area, mouth, layer 6a",/997/8/567/688/695/315/453/322/345/1102/,345
SSp-m6b,2,"Primary somatosensory area, mouth, layer 6b",/997/8/567/688/695/315/453/322/345/2/,345
SSp-n,353,"Primary somatosensory area, nose",/997/8/567/688/695/315/453/322/353/,322
SSp-n1,558,"Primary somatosensory area, nose, layer 1",/997/8/567/688/695/315/453/322/353/558/,353
SSp-n2/3,838,"Primary somatosensory area, nose, layer 2/3",/997/8/567/688/695/315/453/322/353/838/,353
SSp-n4,654,"Primary somatosensory area, nose, layer 4",/997/8/567/688/695/315/453/322/353/654/,353
SSp-n5,702,"Primary somatosensory area, nose, layer 5",/997/8/567/688/695/315/453/322/353/702/,353
SSp-n6a,889,"Primary somatosensory area, nose, layer 6a",/997/8/567/688/695/315/453/322/353/889/,353
SSp-n6b,929,"Primary somatosensory area, nose, layer 6b",/997/8/567/688/695/315/453/322/353/929/,353
SSp-tr,361,"Primary somatosensory area, trunk",/997/8/567/688/695/315/453/322/361/,322
SSp-tr1,1006,"Primary somatosensory area, trunk, layer 1",/997/8/567/688/695/315/453/322/361/1006/,361
SSp-tr2/3,670,"Primary somatosensory area, trunk, layer 2/3",/997/8/567/688/695/315/453/322/361/670/,361
SSp-tr4,1086,"Primary somatosensory area, trunk, layer 4",/997/8/567/688/695/315/453/322/361/1086/,361
SSp-tr5,1111,"Primary somatosensory area, trunk, layer 5",/997/8/567/688/695/315/453/322/361/1111/,361
SSp-tr6a,9,"Primary somatosensory area, trunk, layer 6a",/997/8/567/688/695/315/453/322/361/9/,361
SSp-tr6b,461,"Primary somatosensory area, trunk, layer 6b",/997/8/567/688/695/315/453/322/361/461/,361
SSp-un,182305689,"Primary somatosensory area, unassigned",/997/8/567/688/695/315/453/322/182305689/,322
SSp-un1,182305693,"Primary somatosensory area, unassigned, layer 1",/997/8/567/688/695/315/453/322/182305689/182305693/,182305689
SSp-un2/3,182305697,"Primary somatosensory area, unassigned, layer 2/3",/997/8/567/688/695/315/453/322/182305689/182305697/,182305689
SSp-un4,182305701,"Primary somatosensory area, unassigned, layer 4",/997/8/567/688/695/315/453/322/182305689/182305701/,182305689
SSp-un5,182305705,"Primary somatosensory area, unassigned, layer 5",/997/8/567/688/695/315/453/322/182305689/182305705/,182305689
SSp-un6a,182305709,"Primary somatosensory area, unassigned, layer 6a",/997/8/567/688/695/315/453/322/182305689/182305709/,182305689
SSp-un6b,182305713,"Primary somatosensory area, unassigned, layer 6b",/997/8/567/688/695/315/453/322/182305689/182305713/,182305689
SSp-ul,369,"Primary somatosensory area, upper limb",/997/8/567/688/695/315/453/322/369/,322
SSp-ul1,450,"Primary somatosensory area, upper limb, layer 1",/997/8/567/688/695/315/453/322/369/450/,369
SSp-ul2/3,854,"Primary somatosensory area, upper limb, layer 2/3",/997/8/567/688/695/315/453/322/369/854/,369
SSp-ul4,577,"Primary somatosensory area, upper limb, layer 4",/997/8/567/688/695/315/453/322/369/577/,369
SSp-ul5,625,"Primary somatosensory area, upper limb, layer 5",/997/8/567/688/695/315/453/322/369/625/,369
SSp-ul6a,945,"Primary somatosensory area, upper limb, layer 6a",/997/8/567/688/695/315/453/322/369/945/,369
SSp-ul6b,1026,"Primary somatosensory area, upper limb, layer 6b",/997/8/567/688/695/315/453/322/369/1026/,369
VISp,385,Primary visual area,/997/8/567/688/695/315/669/385/,669
VISp1,593,"Primary visual area, layer 1",/997/8/567/688/695/315/669/385/593/,385
VISp2/3,821,"Primary visual area, layer 2/3",/997/8/567/688/695/315/669/385/821/,385
VISp4,721,"Primary visual area, layer 4",/997/8/567/688/695/315/669/385/721/,385
VISp5,778,"Primary visual area, layer 5",/997/8/567/688/695/315/669/385/778/,385
VISp6a,33,"Primary visual area, layer 6a",/997/8/567/688/695/315/669/385/33/,385
VISp6b,305,"Primary visual area, layer 6b",/997/8/567/688/695/315/669/385/305/,385
PSV,7,Principal sensory nucleus of the trigeminal,/997/8/343/1065/771/1132/7/,1132
ProS,484682470,Prosubiculum,/997/8/567/688/695/1089/822/484682470/,822
PYR,951,Pyramus (VIII),/997/8/512/528/645/951/,645
RN,214,Red nucleus,/997/8/343/313/323/214/,323
RT,262,Reticular nucleus of the thalamus,/997/8/343/1129/549/856/262/,856
RCH,173,Retrochiasmatic area,/997/8/343/1129/1097/290/173/,290
RHP,822,Retrohippocampal region,/997/8/567/688/695/1089/822/,1089
RPF,549009203,Retroparafascicular nucleus,/997/8/343/313/323/1100/549009203/,1100
RSP,254,Retrosplenial area,/997/8/567/688/695/315/254/,315
RSPd,879,"Retrosplenial area, dorsal part",/997/8/567/688/695/315/254/879/,254
RSPd1,442,"Retrosplenial area, dorsal part, layer 1",/997/8/567/688/695/315/254/879/442/,879
RSPd2/3,434,"Retrosplenial area, dorsal part, layer 2/3",/997/8/567/688/695/315/254/879/434/,879
RSPd4,545,"Retrosplenial area, dorsal part, layer 4",/997/8/567/688/695/315/254/879/545/,879
RSPd5,610,"Retrosplenial area, dorsal part, layer 5",/997/8/567/688/695/315/254/879/610/,879
RSPd6a,274,"Retrosplenial area, dorsal part, layer 6a",/997/8/567/688/695/315/254/879/274/,879
RSPd6b,330,"Retrosplenial area, dorsal part, layer 6b",/997/8/567/688/695/315/254/879/330/,879
RSPagl,894,"Retrosplenial area, lateral agranular part",/997/8/567/688/695/315/254/894/,254
RSPagl1,671,"Retrosplenial area, lateral agranular part, layer 1",/997/8/567/688/695/315/254/894/671/,894
RSPagl2/3,965,"Retrosplenial area, lateral agranular part, layer 2/3",/997/8/567/688/695/315/254/894/965/,894
RSPagl5,774,"Retrosplenial area, lateral agranular part, layer 5",/997/8/567/688/695/315/254/894/774/,894
RSPagl6a,906,"Retrosplenial area, lateral agranular part, layer 6a",/997/8/567/688/695/315/254/894/906/,894
RSPagl6b,279,"Retrosplenial area, lateral agranular part, layer 6b",/997/8/567/688/695/315/254/894/279/,894
RSPv,886,"Retrosplenial area, ventral part",/997/8/567/688/695/315/254/886/,254
RSPv1,542,"Retrosplenial area, ventral part, layer 1",/997/8/567/688/695/315/254/886/542/,886
RSPv2/3,430,"Retrosplenial area, ventral part, layer 2/3",/997/8/567/688/695/315/254/886/430/,886
RSPv5,687,"Retrosplenial area, ventral part, layer 5",/997/8/567/688/695/315/254/886/687/,886
RSPv6a,590,"Retrosplenial area, ventral part, layer 6a",/997/8/567/688/695/315/254/886/590/,886
RSPv6b,622,"Retrosplenial area, ventral part, layer 6b",/997/8/567/688/695/315/254/886/622/,886
RH,189,Rhomboid nucleus,/997/8/343/1129/549/856/51/189/,51
RL,197,Rostral linear nucleus raphe,/997/8/343/313/348/165/197/,165
VISrl1,312782604,"Rostrolateral area, layer 1",/997/8/567/688/695/315/22/417/312782604/,417
VISrl2/3,312782608,"Rostrolateral area, layer 2/3",/997/8/567/688/695/315/22/417/312782608/,417
VISrl4,312782612,"Rostrolateral area, layer 4",/997/8/567/688/695/315/22/417/312782612/,417
VISrl5,312782616,"Rostrolateral area, layer 5",/997/8/567/688/695/315/22/417/312782616/,417
VISrl6a,312782620,"Rostrolateral area, layer 6a",/997/8/567/688/695/315/22/417/312782620/,417
VISrl6b,312782624,"Rostrolateral area, layer 6b",/997/8/567/688/695/315/22/417/312782624/,417
VISrl,417,Rostrolateral visual area,/997/8/567/688/695/315/22/417/,22
MOs,993,Secondary motor area,/997/8/567/688/695/315/500/993/,500
MOs1,656,"Secondary motor area, layer 1",/997/8/567/688/695/315/500/993/656/,993
MOs2/3,962,"Secondary motor area, layer 2/3",/997/8/567/688/695/315/500/993/962/,993
MOs5,767,"Secondary motor area, layer 5",/997/8/567/688/695/315/500/993/767/,993
MOs6a,1021,"Secondary motor area, layer 6a",/997/8/567/688/695/315/500/993/1021/,993
MOs6b,1085,"Secondary motor area, layer 6b",/997/8/567/688/695/315/500/993/1085/,993
SF,310,Septofimbrial nucleus,/997/8/567/623/477/275/310/,275
SH,333,Septohippocampal nucleus,/997/8/567/623/477/275/333/,275
SIM,1007,Simple lobule,/997/8/512/528/1073/1007/,1073
MO,500,Somatomotor areas,/997/8/567/688/695/315/500/,315
SS,453,Somatosensory areas,/997/8/567/688/695/315/453/,315
SPVC,429,"Spinal nucleus of the trigeminal, caudal part",/997/8/343/1065/354/386/429/,386
SPVI,437,"Spinal nucleus of the trigeminal, interpolar part",/997/8/343/1065/354/386/437/,386
SPVO,445,"Spinal nucleus of the trigeminal, oral part",/997/8/343/1065/354/386/445/,386
SPIV,225,Spinal vestibular nucleus,/997/8/343/1065/354/370/701/225/,701
STR,477,Striatum,/997/8/567/623/477/,623
STRd,485,Striatum dorsal region,/997/8/567/623/477/485/,477
STRv,493,Striatum ventral region,/997/8/567/623/477/493/,477
sAMY,278,Striatum-like amygdalar nuclei,/997/8/567/623/477/278/,477
SLC,350,Subceruleus nucleus,/997/8/343/1065/771/1117/350/,1117
SCO,599626923,Subcommissural organ,/997/8/343/313/339/599626923/,339
SFO,338,Subfornical organ,/997/8/343/1129/1097/141/338/,141
SubG,321,Subgeniculate nucleus,/997/8/343/1129/549/856/1014/321/,1014
SUB,502,Subiculum,/997/8/567/688/695/1089/822/502/,822
SLD,358,Sublaterodorsal nucleus,/997/8/343/1065/771/1117/358/,1117
SMT,366,Submedial nucleus of the thalamus,/997/8/343/1129/549/856/444/366/,444
SPA,609,Subparafascicular area,/997/8/343/1129/549/864/609/,864
SPF,406,Subparafascicular nucleus,/997/8/343/1129/549/864/406/,864
SPFm,414,"Subparafascicular nucleus, magnocellular part",/997/8/343/1129/549/864/406/414/,406
SPFp,422,"Subparafascicular nucleus, parvicellular part",/997/8/343/1129/549/864/406/422/,406
SBPV,347,Subparaventricular zone,/997/8/343/1129/1097/141/347/,141
SI,342,Substantia innominata,/997/8/567/623/803/835/342/,835
SNc,374,"Substantia nigra, compact part",/997/8/343/313/348/374/,348
SNr,381,"Substantia nigra, reticular part",/997/8/343/313/323/381/,323
STN,470,Subthalamic nucleus,/997/8/343/1129/1097/290/470/,290
CS,679,Superior central nucleus raphe,/997/8/343/1065/771/1117/679/,1117
SCm,294,"Superior colliculus, motor related",/997/8/343/313/323/294/,323
SCdg,26,"Superior colliculus, motor related, deep gray layer",/997/8/343/313/323/294/26/,294
SCdw,42,"Superior colliculus, motor related, deep white layer",/997/8/343/313/323/294/42/,294
SCig,10,"Superior colliculus, motor related, intermediate gray layer",/997/8/343/313/323/294/10/,294
SCiw,17,"Superior colliculus, motor related, intermediate white layer",/997/8/343/313/323/294/17/,294
SCop,851,"Superior colliculus, optic layer",/997/8/343/313/339/302/851/,302
SCs,302,"Superior colliculus, sensory related",/997/8/343/313/339/302/,339
SCsg,842,"Superior colliculus, superficial gray layer",/997/8/343/313/339/302/842/,302
SCzo,834,"Superior colliculus, zonal layer",/997/8/343/313/339/302/834/,302
SOC,398,Superior olivary complex,/997/8/343/1065/771/1132/398/,1132
SOCl,114,"Superior olivary complex, lateral part",/997/8/343/1065/771/1132/398/114/,398
SOCm,105,"Superior olivary complex, medial part",/997/8/343/1065/771/1132/398/105/,398
POR,122,"Superior olivary complex, periolivary region",/997/8/343/1065/771/1132/398/122/,398
SUV,217,Superior vestibular nucleus,/997/8/343/1065/354/370/701/217/,701
SSs,378,Supplemental somatosensory area,/997/8/567/688/695/315/453/378/,453
SSs1,873,"Supplemental somatosensory area, layer 1",/997/8/567/688/695/315/453/378/873/,378
SSs2/3,806,"Supplemental somatosensory area, layer 2/3",/997/8/567/688/695/315/453/378/806/,378
SSs4,1035,"Supplemental somatosensory area, layer 4",/997/8/567/688/695/315/453/378/1035/,378
SSs5,1090,"Supplemental somatosensory area, layer 5",/997/8/567/688/695/315/453/378/1090/,378
SSs6a,862,"Supplemental somatosensory area, layer 6a",/997/8/567/688/695/315/453/378/862/,378
SSs6b,893,"Supplemental somatosensory area, layer 6b",/997/8/567/688/695/315/453/378/893/,378
SCH,286,Suprachiasmatic nucleus,/997/8/343/1129/1097/141/286/,141
SGN,325,Suprageniculate nucleus,/997/8/343/1129/549/856/138/325/,138
SG,318,Supragenual nucleus,/997/8/343/1065/771/987/318/,987
SUM,525,Supramammillary nucleus,/997/8/343/1129/1097/467/331/525/,331
Su3,614454277,Supraoculomotor periaqueductal gray,/997/8/343/313/323/795/614454277/,795
SO,390,Supraoptic nucleus,/997/8/343/1129/1097/157/390/,157
SUT,534,Supratrigeminal nucleus,/997/8/343/1065/771/987/534/,987
TT,589,Taenia tecta,/997/8/567/688/695/698/589/,698
TTd,597,"Taenia tecta, dorsal part",/997/8/567/688/695/698/589/597/,589
TTv,605,"Taenia tecta, ventral part",/997/8/567/688/695/698/589/605/,589
TRN,574,Tegmental reticular nucleus,/997/8/343/1065/771/987/574/,987
TEa,541,Temporal association areas,/997/8/567/688/695/315/541/,315
TEa1,97,"Temporal association areas, layer 1",/997/8/567/688/695/315/541/97/,541
TEa2/3,1127,"Temporal association areas, layer 2/3",/997/8/567/688/695/315/541/1127/,541
TEa4,234,"Temporal association areas, layer 4",/997/8/567/688/695/315/541/234/,541
TEa5,289,"Temporal association areas, layer 5",/997/8/567/688/695/315/541/289/,541
TEa6a,729,"Temporal association areas, layer 6a",/997/8/567/688/695/315/541/729/,541
TEa6b,786,"Temporal association areas, layer 6b",/997/8/567/688/695/315/541/786/,541
TH,549,Thalamus,/997/8/343/1129/549/,1129
DORpm,856,"Thalamus, polymodal association cortex related",/997/8/343/1129/549/856/,549
DORsm,864,"Thalamus, sensory-motor cortex related",/997/8/343/1129/549/864/,549
TRS,581,Triangular nucleus of septum,/997/8/567/623/803/826/581/,826
IV,115,Trochlear nucleus,/997/8/343/313/323/115/,323
TU,614,Tuberal nucleus,/997/8/343/1129/1097/290/614/,290
TM,557,Tuberomammillary nucleus,/997/8/343/1129/1097/467/331/557/,331
TMd,1126,"Tuberomammillary nucleus, dorsal part",/997/8/343/1129/1097/467/331/557/1126/,557
TMv,1,"Tuberomammillary nucleus, ventral part",/997/8/343/1129/1097/467/331/557/1/,557
UVU,957,Uvula (IX),/997/8/512/528/645/957/,645
OV,763,Vascular organ of the lamina terminalis,/997/8/343/1129/1097/141/763/,141
VAL,629,Ventral anterior-lateral complex of the thalamus,/997/8/343/1129/549/864/637/629/,637
AUDv,1018,Ventral auditory area,/997/8/567/688/695/315/247/1018/,247
AUDv1,959,"Ventral auditory area, layer 1",/997/8/567/688/695/315/247/1018/959/,1018
AUDv2/3,755,"Ventral auditory area, layer 2/3",/997/8/567/688/695/315/247/1018/755/,1018
AUDv4,990,"Ventral auditory area, layer 4",/997/8/567/688/695/315/247/1018/990/,1018
AUDv5,1023,"Ventral auditory area, layer 5",/997/8/567/688/695/315/247/1018/1023/,1018
AUDv6a,520,"Ventral auditory area, layer 6a",/997/8/567/688/695/315/247/1018/520/,1018
AUDv6b,598,"Ventral auditory area, layer 6b",/997/8/567/688/695/315/247/1018/598/,1018
VCO,101,Ventral cochlear nucleus,/997/8/343/1065/354/386/607/101/,607
VENT,637,Ventral group of the dorsal thalamus,/997/8/343/1129/549/864/637/,864
VM,685,Ventral medial nucleus of the thalamus,/997/8/343/1129/549/864/637/685/,637
LGv,178,Ventral part of the lateral geniculate complex,/997/8/343/1129/549/856/1014/178/,1014
VP,709,Ventral posterior complex of the thalamus,/997/8/343/1129/549/864/637/709/,637
VPL,718,Ventral posterolateral nucleus of the thalamus,/997/8/343/1129/549/864/637/709/718/,709
VPLpc,725,"Ventral posterolateral nucleus of the thalamus, parvicellular part",/997/8/343/1129/549/864/637/709/725/,709
VPM,733,Ventral posteromedial nucleus of the thalamus,/997/8/343/1129/549/864/637/709/733/,709
VPMpc,741,"Ventral posteromedial nucleus of the thalamus, parvicellular part",/997/8/343/1129/549/864/637/709/741/,709
PMv,1004,Ventral premammillary nucleus,/997/8/343/1129/1097/467/1004/,467
VTA,749,Ventral tegmental area,/997/8/343/313/323/749/,323
VTN,757,Ventral tegmental nucleus,/997/8/343/313/323/757/,323
VLPO,689,Ventrolateral preoptic nucleus,/997/8/343/1129/1097/141/689/,141
VMH,693,Ventromedial hypothalamic nucleus,/997/8/343/1129/1097/467/693/,467
VMPO,576073699,Ventromedial preoptic nucleus,/997/8/343/1129/1097/141/576073699/,141
VERM,645,Vermal regions,/997/8/512/528/645/,528
VNC,701,Vestibular nuclei,/997/8/343/1065/354/370/701/,370
VeCB,589508455,Vestibulocerebellar nucleus,/997/8/512/519/589508455/,519
VISC,677,Visceral area,/997/8/567/688/695/315/677/,315
VISC1,897,"Visceral area, layer 1",/997/8/567/688/695/315/677/897/,677
VISC2/3,1106,"Visceral area, layer 2/3",/997/8/567/688/695/315/677/1106/,677
VISC4,1010,"Visceral area, layer 4",/997/8/567/688/695/315/677/1010/,677
VISC5,1058,"Visceral area, layer 5",/997/8/567/688/695/315/677/1058/,677
VISC6a,857,"Visceral area, layer 6a",/997/8/567/688/695/315/677/857/,677
VISC6b,849,"Visceral area, layer 6b",/997/8/567/688/695/315/677/849/,677
VIS,669,Visual areas,/997/8/567/688/695/315/669/,315
Xi,560581559,Xiphoid thalamic nucleus,/997/8/343/1129/549/856/571/560581559/,571
ZI,797,Zona incerta,/997/8/343/1129/1097/290/797/,290
alv,466,alveus,/997/1009/991/768/1099/466/,1099
amc,884,amygdalar capsule,/997/1009/991/768/884/,768
aco,900,"anterior commissure, olfactory limb",/997/1009/967/840/900/,840
act,908,"anterior commissure, temporal limb",/997/1009/991/768/908/,768
arb,728,arbor vitae,/997/1009/960/728/,960
ar,484682524,auditory radiation,/997/1009/983/896/484682524/,896
bic,482,brachium of the inferior colliculus,/997/1009/967/933/948/482/,948
bsc,916,brachium of the superior colliculus,/997/1009/967/848/916/,848
c,164,"central canal, spinal cord/medulla",/997/73/164/,73
cpd,924,cerebal peduncle,/997/1009/983/784/924/,784
cbc,744,cerebellar commissure,/997/1009/960/744/,960
cbp,752,cerebellar peduncles,/997/1009/960/752/,960
cbf,960,cerebellum related fiber tracts,/997/1009/960/,1009
AQ,140,cerebral aqueduct,/997/73/140/,73
epsc,760,cerebral nuclei related,/997/1009/1000/760/,1000
mfbc,768,cerebrum related,/997/1009/991/768/,991
cett,932,cervicothalamic tract,/997/1009/967/792/932/,792
chpl,108,choroid plexus,/997/73/81/108/,81
cing,940,cingulum bundle,/997/1009/991/768/940/,768
cVIIIn,948,cochlear nerve,/997/1009/967/933/948/,933
fx,436,columns of the fornix,/997/1009/991/768/1099/737/436/,737
stc,484682528,commissural branch of stria terminalis,/997/1009/991/768/301/484682528/,301
cc,776,corpus callosum,/997/1009/983/776/,983
fa,956,"corpus callosum, anterior forceps",/997/1009/983/776/956/,776
ccb,484682516,"corpus callosum, body",/997/1009/983/776/484682516/,776
ee,964,"corpus callosum, extreme capsule",/997/1009/983/776/964/,776
fp,971,"corpus callosum, posterior forceps",/997/1009/983/776/971/,776
ccs,986,"corpus callosum, splenium",/997/1009/983/776/986/,776
cst,784,corticospinal tract,/997/1009/983/784/,983
cm,967,cranial nerves,/997/1009/967/,1009
tspc,1043,crossed tectospinal pathway,/997/1009/1000/877/1043/,877
cuf,380,cuneate fascicle,/997/1009/967/792/932/514/380/,514
tspd,1051,direct tectospinal pathway,/997/1009/1000/877/1051/,877
dtd,1060,doral tegmental decussation,/997/1009/1000/877/1060/,877
das,506,dorsal acoustic stria,/997/1009/967/933/948/506/,948
dc,514,dorsal column,/997/1009/967/792/932/514/,932
df,530,dorsal fornix,/997/1009/991/768/1099/530/,1099
dhc,443,dorsal hippocampal commissure,/997/1009/991/768/1099/618/443/,618
lotd,538,dorsal limb,/997/1009/967/840/21/538/,21
drt,792,dorsal roots,/997/1009/967/792/,967
sctd,553,dorsal spinocerebellar tract,/997/1009/960/752/1123/553/,1123
mfbse,1083,epithalamus related,/997/1009/991/824/1083/,824
ec,579,external capsule,/997/1009/983/776/956/579/,956
em,1092,external medullary lamina of the thalamus,/997/1009/983/896/1092/,896
eps,1000,extrapyramidal fiber systems,/997/1009/1000/,1009
VIIn,798,facial nerve,/997/1009/967/798/,967
fr,595,fasciculus retroflexus,/997/1009/991/824/1083/595/,1083
fiber tracts,1009,fiber tracts,/997/1009/,997
fi,603,fimbria,/997/1009/991/768/1099/603/,1099
fxs,1099,fornix system,/997/1009/991/768/1099/,768
V4,145,fourth ventricle,/997/73/145/,73
ccg,1108,genu of corpus callosum,/997/1009/983/776/1108/,776
gVIIn,1116,genu of the facial nerve,/997/1009/967/798/1116/,798
hbc,611,habenular commissure,/997/1009/991/824/1083/611/,1083
hc,618,hippocampal commissures,/997/1009/991/768/1099/618/,1099
mfsbshy,824,hypothalamus related,/997/1009/991/824/,991
icp,1123,inferior cerebellar peduncle,/997/1009/960/752/1123/,752
cic,633,inferior colliculus commissure,/997/1009/967/933/948/633/,948
int,6,internal capsule,/997/1009/983/784/6/,784
lfbs,983,lateral forebrain bundle system,/997/1009/983/,1009
ll,658,lateral lemniscus,/997/1009/967/933/948/658/,948
lot,665,"lateral olfactory tract, body",/997/1009/967/840/21/665/,21
lotg,21,"lateral olfactory tract, general",/997/1009/967/840/21/,840
V4r,153,lateral recess,/997/73/145/153/,145
VL,81,lateral ventricle,/997/73/81/,73
mp,673,mammillary peduncle,/997/1009/991/824/46/673/,46
mfbsma,46,mammillary related,/997/1009/991/824/46/,824
mtg,681,mammillotegmental tract,/997/1009/991/824/46/681/,46
mtt,690,mammillothalamic tract,/997/1009/991/824/46/690/,46
mct,428,medial corticohypothalamic tract,/997/1009/991/768/1099/737/428/,737
mfb,54,medial forebrain bundle,/997/1009/991/824/54/,824
mfbs,991,medial forebrain bundle system,/997/1009/991/,1009
ml,697,medial lemniscus,/997/1009/967/792/932/697/,932
mlf,62,medial longitudinal fascicle,/997/1009/967/832/62/,832
mcp,78,middle cerebellar peduncle,/997/1009/960/752/78/,752
moV,93,motor root of the trigeminal nerve,/997/1009/967/901/93/,901
nst,102,nigrostriatal tract,/997/1009/1000/760/102/,760
IIIn,832,oculomotor nerve,/997/1009/967/832/,967
In,840,olfactory nerve,/997/1009/967/840/,967
onl,1016,olfactory nerve layer of main olfactory bulb,/997/1009/967/840/1016/,840
och,117,optic chiasm,/997/1009/967/848/117/,848
IIn,848,optic nerve,/997/1009/967/848/,967
or,484682520,optic radiation,/997/1009/983/896/484682520/,896
opt,125,optic tract,/997/1009/967/848/125/,848
fxpo,737,postcommissural fornix,/997/1009/991/768/1099/737/,1099
pc,158,posterior commissure,/997/1009/967/832/158/,832
VISpm,533,posteromedial visual area,/997/8/567/688/695/315/669/533/,669
VISpm1,805,"posteromedial visual area, layer 1",/997/8/567/688/695/315/669/533/805/,533
VISpm2/3,41,"posteromedial visual area, layer 2/3",/997/8/567/688/695/315/669/533/41/,533
VISpm4,501,"posteromedial visual area, layer 4",/997/8/567/688/695/315/669/533/501/,533
VISpm5,565,"posteromedial visual area, layer 5",/997/8/567/688/695/315/669/533/565/,533
VISpm6a,257,"posteromedial visual area, layer 6a",/997/8/567/688/695/315/669/533/257/,533
VISpm6b,469,"posteromedial visual area, layer 6b",/997/8/567/688/695/315/669/533/469/,533
pm,753,principal mammillary tract,/997/1009/991/824/46/753/,46
py,190,pyramid,/997/1009/983/784/190/,784
pyd,198,pyramidal decussation,/997/1009/983/784/198/,784
root,997,root,/997/,
rust,863,rubrospinal tract,/997/1009/1000/863/,1000
sV,229,sensory root of the trigeminal nerve,/997/1009/967/901/229/,901
ts,237,solitary tract,/997/1009/967/917/237/,917
sptV,794,spinal tract of the trigeminal nerve,/997/1009/967/901/229/794/,229
sm,802,stria medullaris,/997/1009/991/824/1083/802/,1083
st,301,stria terminalis,/997/1009/991/768/301/,768
SEZ,98,subependymal zone,/997/73/81/98/,81
scp,326,superior cerebelar peduncles,/997/1009/960/752/326/,752
dscp,812,superior cerebellar peduncle decussation,/997/1009/960/752/326/812/,326
csc,336,superior colliculus commissure,/997/1009/967/848/336/,848
scwm,484682512,supra-callosal cerebral white matter,/997/1009/484682512/,1009
sup,349,supraoptic commissures,/997/1009/991/824/349/,824
tsp,877,tectospinal pathway,/997/1009/1000/877/,1000
lfbst,896,thalamus related,/997/1009/983/896/,983
V3,129,third ventricle,/997/73/129/,73
tb,841,trapezoid body,/997/1009/967/933/948/841/,948
Vn,901,trigeminal nerve,/997/1009/967/901/,967
IVn,911,trochlear nerve,/997/1009/967/911/,967
uf,850,uncinate fascicle,/997/1009/960/752/326/850/,326
Xn,917,vagus nerve,/997/1009/967/917/,967
vhc,449,ventral hippocampal commissure,/997/1009/991/768/1099/618/449/,618
sctv,866,ventral spinocerebellar tract,/997/1009/960/752/326/866/,326
vtd,397,ventral tegmental decussation,/997/1009/1000/863/397/,863
VS,73,ventricular systems,/997/73/,997
vVIIIn,413,vestibular nerve,/997/1009/967/933/413/,933
VIIIn,933,vestibulocochlear nerve,/997/1009/967/933/,967
von,949,vomeronasal nerve,/997/1009/967/949/,967
